{"loss": 2.3165793439003988, "_timestamp": 1712863607.9552765, "_runtime": 25.01448941230774, "_step": 236, "_wandb": {"runtime": 24}}