{"loss": 2.32878506133325, "_timestamp": 1712863715.7941954, "_runtime": 55.352909326553345, "_step": 236, "_wandb": {"runtime": 54}}