{"loss": 2.9260451083487653, "_timestamp": 1712864883.0050986, "_runtime": 52.51681661605835, "_step": 189, "epoch": 2, "_wandb": {"runtime": 51}}