{"loss": 1.0795217599774816, "_timestamp": 1712864758.1361277, "_runtime": 50.44315266609192, "_step": 958, "epoch": 1, "_wandb": {"runtime": 50}}