{"loss": 3.145432609778184, "_timestamp": 1712863113.7122734, "_runtime": 8.185365438461304, "_step": 26, "_wandb": {"runtime": 7}}