{"loss": 2.5274448147359885, "_timestamp": 1712863314.840447, "_runtime": 19.243386030197144, "_step": 159, "_wandb": {"runtime": 18}}