{"loss": 2.2903748892602467, "_timestamp": 1712864818.11134, "_runtime": 43.137423038482666, "_step": 272, "epoch": 1, "_wandb": {"runtime": 42}}